id,user_id,vacancy_id,testimoni_volunteer_id,rating
1,54,1,1,4
2,55,1,2,3
3,56,1,3,4
4,58,1,4,3
5,54,2,5,4
6,55,2,6,5
7,56,2,7,4
8,58,2,8,5
9,67,5,9,4
10,68,5,10,4
11,69,5,11,5
12,71,5,12,4
13,72,5,13,4
14,73,5,14,4
15,60,9,15,4
16,61,9,16,4
17,62,9,17,3
18,63,9,18,4
19,64,9,19,4
20,65,9,20,4
21,66,9,21,2
22,67,9,22,3
23,68,9,23,4
24,69,9,24,4
