id,user_id,vacancy_id,testimoni_volunteer_id,rating,created_at
1,54,1,1,4,2024-04-25
2,55,1,2,3,2024-04-25
3,56,1,3,4,2024-04-25
4,58,1,4,3,2024-04-25
5,54,2,5,4,2024-04-27
6,55,2,6,5,2024-04-27
7,56,2,7,4,2024-04-27
8,58,2,8,5,2024-04-27
9,67,5,9,4,2024-03-05
10,68,5,10,4,2024-03-05
11,69,5,11,5,2024-03-05
12,71,5,12,4,2024-03-05
13,72,5,13,4,2024-03-05
14,73,5,14,4,2024-03-05
15,60,9,15,4,2024-05-22
16,61,9,16,4,2024-05-22
17,62,9,17,3,2024-05-22
18,63,9,18,4,2024-05-22
19,64,9,19,4,2024-05-22
20,65,9,20,4,2024-05-22
21,66,9,21,2,2024-05-22
22,67,9,22,3,2024-05-22
23,68,9,23,4,2024-05-22
24,69,9,24,4,2024-05-22
25,133,3,26,3,2024-06-21
26,1,3,36,1,2024-06-23
27,127,6,42,5,2024-06-23
28,123,4,43,3,2024-06-23
29,158,3,44,5,2024-06-23
30,127,31,45,1,2024-06-23
31,127,4,46,4,2024-06-24
